ArchetypeName, PositionX, PositionY, PositionZ, RotationX, RotationY, RotationZ, RotationW, YmapFile
prop_fire_hydrant_2, 184.5492, 218.2182, 104.7189, 0, 0, 0.172096, 0.9850802, update\update.rpf\dlc_patch\mpheist\x64\levels\gta5\_citye\hollywood_01\hollywood_metadata.rpf\hei_hw1_rd_strm_3.ymap
prop_fire_hydrant_2, 226.8473, 202.896, 104.4526, 0, 0, 0.9851095, 0.1719279, update\update.rpf\dlc_patch\mpheist\x64\levels\gta5\_citye\hollywood_01\hollywood_metadata.rpf\hei_hw1_rd_strm_4.ymap
prop_fire_hydrant_2, 521.3613, 253.03, 102.0574, 0, 0, 0.9762747, -0.2165359, update\update.rpf\dlc_patch\mpheist\x64\levels\gta5\_citye\hollywood_01\hollywood_metadata.rpf\hei_hw1_rd_strm_4.ymap
prop_fire_hydrant_2, 338.3344, 129.2688, 102.0771, 0, 0, 0.989875, -0.141942, update\update.rpf\dlc_patch\mpheist\x64\levels\gta5\_citye\hollywood_01\hollywood_metadata.rpf\hei_hw1_rd_strm_5.ymap
prop_fire_hydrant_2, 265.1212, 155.9369, 103.574, 0, 0, 0.989875, -0.141942, update\update.rpf\dlc_patch\mpheist\x64\levels\gta5\_citye\hollywood_01\hollywood_metadata.rpf\hei_hw1_rd_strm_5.ymap
prop_fire_hydrant_2, 520.0666, 132.1003, 96.43285, -0.032621, 0.015254, -0.5739989, 0.8180639, update\update.rpf\dlc_patch\mpheist\x64\levels\gta5\_citye\hollywood_01\hollywood_metadata.rpf\hei_hw1_rd_strm_5.ymap
prop_fire_hydrant_2, 537.7355, 182.3021, 99.48596, 0, 0, -0.575497, 0.8178039, update\update.rpf\dlc_patch\mpheist\x64\levels\gta5\_citye\hollywood_01\hollywood_metadata.rpf\hei_hw1_rd_strm_6.ymap
prop_fire_hydrant_2, -691.8795, 294.9721, 81.90764, 0, 0, 0.02450299, 0.9996998, update\x64\dlcpacks\mpheist\dlc.rpf\x64\levels\gta5\_cityw\beverly_01\beverly_metadata.rpf\hei_bh1_rd_strm_3.ymap
prop_fire_hydrant_2, -829.769, -842.9478, 18.61861, 0, 0, 1, 0, update\x64\dlcpacks\mpheist\dlc.rpf\x64\levels\gta5\_cityw\koreatown_01\koreatown_metadata.rpf\hei_kt1_rd_strm_0.ymap
prop_fire_hydrant_2, -922.4241, -837.6229, 14.66199, 0, 0, 1, 0, update\x64\dlcpacks\mpheist\dlc.rpf\x64\levels\gta5\_cityw\koreatown_01\koreatown_metadata.rpf\hei_kt1_rd_strm_0.ymap
prop_fire_hydrant_2, -871.9624, -909.3112, 14.95229, 0, 0, 0.471938, 0.8816317, update\x64\dlcpacks\mpheist\dlc.rpf\x64\levels\gta5\_cityw\koreatown_01\koreatown_metadata.rpf\hei_kt1_rd_strm_0.ymap
prop_fire_hydrant_2, -765.6087, -669.326, 29.1042, -0.01861599, 0, 0.9998267, 0, update\x64\dlcpacks\mpheist\dlc.rpf\x64\levels\gta5\_cityw\koreatown_01\koreatown_metadata.rpf\hei_kt1_rd_strm_0.ymap
prop_fire_hydrant_2, -853.1002, -674.9406, 26.79764, 0, 0, 0.7071068, 0.7071068, update\x64\dlcpacks\mpheist\dlc.rpf\x64\levels\gta5\_cityw\koreatown_01\koreatown_metadata.rpf\hei_kt1_rd_strm_0.ymap
prop_fire_hydrant_2, -842.6001, -824.6219, 18.34669, 0, 0, 0, 1, update\x64\dlcpacks\mpheist\dlc.rpf\x64\levels\gta5\_cityw\koreatown_01\koreatown_metadata.rpf\hei_kt1_rd_strm_0.ymap
prop_fire_hydrant_2, -1055.249, -759.1925, 18.26103, 0, 0, 0.9396927, 0.3420199, update\x64\dlcpacks\mpheist\dlc.rpf\x64\levels\gta5\_cityw\koreatown_01\koreatown_metadata.rpf\hei_kt1_rd_strm_0.ymap
prop_fire_hydrant_2, -876.0687, -645.2438, 26.92395, 0, 0, 0, 1, update\x64\dlcpacks\mpheist\dlc.rpf\x64\levels\gta5\_cityw\koreatown_01\koreatown_metadata.rpf\hei_kt1_rd_strm_0.ymap
prop_fire_hydrant_2, -1073.772, -791.5655, 18.30537, 0, 0, 0.9985092, -0.05458401, update\x64\dlcpacks\mpheist\dlc.rpf\x64\levels\gta5\_cityw\koreatown_01\koreatown_metadata.rpf\hei_kt1_rd_strm_0.ymap
prop_fire_hydrant_2, -978.8345, -840.0424, 14.4377, 0, 0, 0.9926184, 0.1212801, update\x64\dlcpacks\mpheist\dlc.rpf\x64\levels\gta5\_cityw\koreatown_01\koreatown_metadata.rpf\hei_kt1_rd_strm_0.ymap
prop_fire_hydrant_2, -1107.718, -753.3297, 18.43785, 0, 0, 0.9999586, -0.009112007, update\x64\dlcpacks\mpheist\dlc.rpf\x64\levels\gta5\_cityw\koreatown_01\koreatown_metadata.rpf\hei_kt1_rd_strm_0.ymap
prop_fire_hydrant_2, -957.965, -683.887, 23.66559, 0, 0, 0.8392252, 0.5437841, update\x64\dlcpacks\mpheist\dlc.rpf\x64\levels\gta5\_cityw\koreatown_01\koreatown_metadata.rpf\hei_kt1_rd_strm_0.ymap
prop_fire_hydrant_2, -1038.292, -713.6271, 18.91005, 0, 0, -0.6654112, 0.7464771, update\x64\dlcpacks\mpheist\dlc.rpf\x64\levels\gta5\_cityw\koreatown_01\koreatown_metadata.rpf\hei_kt1_rd_strm_0.ymap
prop_fire_hydrant_2, -853.0472, -725.7549, 24.52722, 0, 0, 0.7397171, 0.6729181, update\x64\dlcpacks\mpheist\dlc.rpf\x64\levels\gta5\_cityw\koreatown_01\koreatown_metadata.rpf\hei_kt1_rd_strm_0.ymap
prop_fire_hydrant_2, -822.4348, -996.475, 12.4642, 0, 0, 0.5000003, 0.8660253, update\x64\dlcpacks\mpheist\dlc.rpf\x64\levels\gta5\_cityw\koreatown_01\koreatown_metadata.rpf\hei_kt1_rd_strm_0.ymap
prop_fire_hydrant_2, -796.0055, -1092.279, 9.869568, 0, 0, 0.9905861, -0.136891, update\x64\dlcpacks\mpheist\dlc.rpf\x64\levels\gta5\_cityw\koreatown_01\koreatown_metadata.rpf\hei_kt1_rd_strm_0.ymap
prop_fire_hydrant_2, -789.3358, -1051.808, 11.25905, 0, 0, 0.141606, 0.9899231, update\x64\dlcpacks\mpheist\dlc.rpf\x64\levels\gta5\_cityw\koreatown_01\koreatown_metadata.rpf\hei_kt1_rd_strm_0.ymap
prop_fire_hydrant_2, -785.738, -1138.737, 9.651764, 0, 0, 0.7714387, 0.6363037, update\x64\dlcpacks\mpheist\dlc.rpf\x64\levels\gta5\_cityw\koreatown_01\koreatown_metadata.rpf\hei_kt1_rd_strm_0.ymap
prop_fire_hydrant_2, -752.1345, -858.6577, 21.37135, 0, 0, 0.7071068, -0.7071068, update\x64\dlcpacks\mpheist\dlc.rpf\x64\levels\gta5\_cityw\koreatown_01\koreatown_metadata.rpf\hei_kt1_rd_strm_1.ymap
prop_fire_hydrant_2, -749.2271, -944.3099, 17.02214, 0, 0, 0.7372773, 0.6755903, update\x64\dlcpacks\mpheist\dlc.rpf\x64\levels\gta5\_cityw\koreatown_01\koreatown_metadata.rpf\hei_kt1_rd_strm_1.ymap
prop_fire_hydrant_2, -659.0012, -950.5284, 20.51857, 0, 0, 0, 1, update\x64\dlcpacks\mpheist\dlc.rpf\x64\levels\gta5\_cityw\koreatown_01\koreatown_metadata.rpf\hei_kt1_rd_strm_1.ymap
prop_fire_hydrant_2, -662.0955, -848.6078, 23.39429, 0, 0, 1, 0, update\x64\dlcpacks\mpheist\dlc.rpf\x64\levels\gta5\_cityw\koreatown_01\koreatown_metadata.rpf\hei_kt1_rd_strm_1.ymap
prop_fire_hydrant_2, -725.4539, -848.7087, 21.83859, 0, 0, 1, 0, update\x64\dlcpacks\mpheist\dlc.rpf\x64\levels\gta5\_cityw\koreatown_01\koreatown_metadata.rpf\hei_kt1_rd_strm_1.ymap
prop_fire_hydrant_2, -649.9131, -859.0254, 23.56015, 0, 0, 0.7071068, -0.7071068, update\x64\dlcpacks\mpheist\dlc.rpf\x64\levels\gta5\_cityw\koreatown_01\koreatown_metadata.rpf\hei_kt1_rd_strm_1.ymap
prop_fire_hydrant_2, -625.4519, -942.4586, 20.85242, 0, 0, 0.9381579, 0.3462079, update\x64\dlcpacks\mpheist\dlc.rpf\x64\levels\gta5\_cityw\koreatown_01\koreatown_metadata.rpf\hei_kt1_rd_strm_1.ymap
prop_fire_hydrant_2, -595.9004, -951.0878, 21.41547, 0, 0, -0.004460001, 0.99999, update\x64\dlcpacks\mpheist\dlc.rpf\x64\levels\gta5\_cityw\koreatown_01\koreatown_metadata.rpf\hei_kt1_rd_strm_1.ymap
prop_fire_hydrant_2, -617.6309, -963.5968, 20.37323, 0, 0, 0.9999901, 0.00446, update\x64\dlcpacks\mpheist\dlc.rpf\x64\levels\gta5\_cityw\koreatown_01\koreatown_metadata.rpf\hei_kt1_rd_strm_1.ymap
prop_fire_hydrant_2, -624.8732, -895.1276, 23.84793, 0, 0, 0.7071068, 0.7071068, update\x64\dlcpacks\mpheist\dlc.rpf\x64\levels\gta5\_cityw\koreatown_01\koreatown_metadata.rpf\hei_kt1_rd_strm_1.ymap
prop_fire_hydrant_2, -649.8872, -807.3414, 23.88583, 0, 0, 0.7071068, -0.7071068, update\x64\dlcpacks\mpheist\dlc.rpf\x64\levels\gta5\_cityw\koreatown_01\koreatown_metadata.rpf\hei_kt1_rd_strm_1.ymap
prop_fire_hydrant_2, -724.9697, -824.5779, 22.14304, 0, 0, 0, 1, update\x64\dlcpacks\mpheist\dlc.rpf\x64\levels\gta5\_cityw\koreatown_01\koreatown_metadata.rpf\hei_kt1_rd_strm_1.ymap
prop_fire_hydrant_2, -585.8062, -824.0369, 25.24861, 0, 0, -0.3216422, 0.9468613, update\x64\dlcpacks\mpheist\dlc.rpf\x64\levels\gta5\_cityw\koreatown_01\koreatown_metadata.rpf\hei_kt1_rd_strm_1.ymap
prop_fire_hydrant_2, -619.0229, -871.9705, 24.09906, 0, 0, 0.6815534, 0.7317684, update\x64\dlcpacks\mpheist\dlc.rpf\x64\levels\gta5\_cityw\koreatown_01\koreatown_metadata.rpf\hei_kt1_rd_strm_1.ymap
prop_fire_hydrant_2, -738.1532, -767.1802, 24.83443, -0.034035, -0.019789, 0.7062871, 0.70683, update\x64\dlcpacks\mpheist\dlc.rpf\x64\levels\gta5\_cityw\koreatown_01\koreatown_metadata.rpf\hei_kt1_rd_strm_1.ymap
prop_fire_hydrant_2, -616.9397, -670.6608, 30.61722, 0, 0, 0.9999901, 0.00446, update\x64\dlcpacks\mpheist\dlc.rpf\x64\levels\gta5\_cityw\koreatown_01\koreatown_metadata.rpf\hei_kt1_rd_strm_2.ymap
prop_fire_hydrant_2, -649.5051, -679.8441, 30.3587, 0, 0, 0.7071068, -0.7071068, update\x64\dlcpacks\mpheist\dlc.rpf\x64\levels\gta5\_cityw\koreatown_01\koreatown_metadata.rpf\hei_kt1_rd_strm_2.ymap
prop_fire_hydrant_2, -738.1941, -681.6698, 29.26105, 0, 0, 0.7071068, 0.7071068, update\x64\dlcpacks\mpheist\dlc.rpf\x64\levels\gta5\_cityw\koreatown_01\koreatown_metadata.rpf\hei_kt1_rd_strm_2.ymap
prop_fire_hydrant_2, -659.276, -646.8231, 30.61385, 0, 0, 0, 1, update\x64\dlcpacks\mpheist\dlc.rpf\x64\levels\gta5\_cityw\koreatown_01\koreatown_metadata.rpf\hei_kt1_rd_strm_2.ymap
prop_fire_hydrant_2, -721.8574, -645.3856, 29.39091, 0.003564999, 0.007645999, -0.422603, 0.9062757, update\x64\dlcpacks\mpheist\dlc.rpf\x64\levels\gta5\_cityw\koreatown_01\koreatown_metadata.rpf\hei_kt1_rd_strm_2.ymap
prop_fire_hydrant_2, -536.1964, -678.2479, 32.22929, 0, 0, 0.7039458, 0.7102537, update\x64\dlcpacks\mpheist\dlc.rpf\x64\levels\gta5\_cityw\koreatown_01\koreatown_metadata.rpf\hei_kt1_rd_strm_2.ymap
prop_fire_hydrant_2, -459.9451, -670.4807, 31.24004, 0, 0, 0.9999901, 0.00446, update\x64\dlcpacks\mpheist\dlc.rpf\x64\levels\gta5\_cityw\koreatown_01\koreatown_metadata.rpf\hei_kt1_rd_strm_2.ymap
prop_fire_hydrant_2, -554.8625, -676.0602, 32.23155, 0, 0, 0.7102538, -0.7039457, update\x64\dlcpacks\mpheist\dlc.rpf\x64\levels\gta5\_cityw\koreatown_01\koreatown_metadata.rpf\hei_kt1_rd_strm_2.ymap
prop_fire_hydrant_2, -519.5157, -646.3116, 32.20383, 0, 0, -0.346208, 0.9381578, update\x64\dlcpacks\mpheist\dlc.rpf\x64\levels\gta5\_cityw\koreatown_01\koreatown_metadata.rpf\hei_kt1_rd_strm_2.ymap
prop_fire_hydrant_2, -511.9658, -857.8939, 29.23416, 0.009256996, -0.009174996, 0.7101938, -0.7038857, update\x64\dlcpacks\mpheist\dlc.rpf\x64\levels\gta5\_cityw\koreatown_01\koreatown_metadata.rpf\hei_kt1_rd_strm_2.ymap
prop_fire_hydrant_2, -478.4971, -825.3842, 29.42111, 0, 0, -0.004460001, 0.99999, update\x64\dlcpacks\mpheist\dlc.rpf\x64\levels\gta5\_cityw\koreatown_01\koreatown_metadata.rpf\hei_kt1_rd_strm_2.ymap
prop_fire_hydrant_2, -524.4036, -756.6555, 30.99828, 0, 0, 0.8890616, -0.4577878, update\x64\dlcpacks\mpheist\dlc.rpf\x64\levels\gta5\_cityw\koreatown_01\koreatown_metadata.rpf\hei_kt1_rd_strm_2.ymap
prop_fire_hydrant_2, -524.9768, -825.0881, 29.18127, 0, 0, -0.130526, 0.9914449, update\x64\dlcpacks\mpheist\dlc.rpf\x64\levels\gta5\_cityw\koreatown_01\koreatown_metadata.rpf\hei_kt1_rd_strm_2.ymap
prop_fire_hydrant_2, -502.0699, -908.198, 25.56096, 0, 0, 0.5609379, 0.8278579, update\x64\dlcpacks\mpheist\dlc.rpf\x64\levels\gta5\_cityw\koreatown_01\koreatown_metadata.rpf\hei_kt1_rd_strm_2.ymap
prop_fire_hydrant_2, -747.7756, -1127.211, 9.600525, 0, 0, 0.5000003, 0.8660253, update\x64\dlcpacks\mpheist\dlc.rpf\x64\levels\gta5\_cityw\koreatown_01\koreatown_metadata.rpf\hei_kt1_rd_strm_3.ymap
prop_fire_hydrant_2, -540.4247, -1187.548, 17.57664, 0, 0, 0.8520756, 0.5234188, update\x64\dlcpacks\mpheist\dlc.rpf\x64\levels\gta5\_cityw\koreatown_01\koreatown_metadata.rpf\hei_kt1_rd_strm_3.ymap
prop_fire_hydrant_2, -756.2037, -1167.333, 9.620712, 9.100004E-05, -0.0003160001, 0.9758143, -0.2186011, update\x64\dlcpacks\mpheist\dlc.rpf\x64\levels\gta5\_cityw\koreatown_01\koreatown_metadata.rpf\hei_kt1_rd_strm_3.ymap
prop_fire_hydrant_2, -712.98, -1219.713, 9.621765, -0.0003170001, -9.000002E-05, 0.9939023, -0.110264, update\x64\dlcpacks\mpheist\dlc.rpf\x64\levels\gta5\_cityw\koreatown_01\koreatown_metadata.rpf\hei_kt1_rd_strm_3.ymap
prop_fire_hydrant_2, -687.7827, -1204.161, 9.601364, 0, 0, 0.03118899, 0.9995135, update\x64\dlcpacks\mpheist\dlc.rpf\x64\levels\gta5\_cityw\koreatown_01\koreatown_metadata.rpf\hei_kt1_rd_strm_3.ymap
prop_fire_hydrant_2, -577.5468, -1209.627, 16.14894, 0, 0, 0.7797741, -0.6260611, update\x64\dlcpacks\mpheist\dlc.rpf\x64\levels\gta5\_cityw\koreatown_01\koreatown_metadata.rpf\hei_kt1_rd_strm_3.ymap
prop_fire_hydrant_2, -633.504, -1019.709, 18.96558, 0, 0, 0.8040215, 0.5946004, update\x64\dlcpacks\mpheist\dlc.rpf\x64\levels\gta5\_cityw\koreatown_01\koreatown_metadata.rpf\hei_kt1_rd_strm_3.ymap
prop_fire_hydrant_2, -675.8254, -1072.215, 14.6752, 0, 0, 0.9634418, 0.2679179, update\x64\dlcpacks\mpheist\dlc.rpf\x64\levels\gta5\_cityw\koreatown_01\koreatown_metadata.rpf\hei_kt1_rd_strm_3.ymap
prop_fire_hydrant_2, -713.4988, -1095.824, 11.49237, 0, 0, 0.9634418, 0.2679179, update\x64\dlcpacks\mpheist\dlc.rpf\x64\levels\gta5\_cityw\koreatown_01\koreatown_metadata.rpf\hei_kt1_rd_strm_3.ymap
prop_fire_hydrant_2, -699.8721, -1057.658, 13.80968, 0, 0, -0.301685, 0.9534077, update\x64\dlcpacks\mpheist\dlc.rpf\x64\levels\gta5\_cityw\koreatown_01\koreatown_metadata.rpf\hei_kt1_rd_strm_3.ymap
prop_fire_hydrant_2, -663.5391, -1024.878, 17.20813, 0, 0, -0.5138781, 0.8578632, update\x64\dlcpacks\mpheist\dlc.rpf\x64\levels\gta5\_cityw\koreatown_01\koreatown_metadata.rpf\hei_kt1_rd_strm_3.ymap
prop_fire_hydrant_2, 333.97, 400.8188, 115.9504, 0, 0, 0.2483301, 0.9686754, update\x64\dlcpacks\mpapartment\dlc.rpf\x64\levels\gta5\_hills\cityhills_02\cityhills_02_metadata.rpf\apa_ch2_04_strm_0.ymap
prop_fire_hydrant_2, 197.7322, 434.9628, 118.0646, 0, 0, -0.06643201, 0.9977909, update\x64\dlcpacks\mpapartment\dlc.rpf\x64\levels\gta5\_hills\cityhills_02\cityhills_02_metadata.rpf\apa_ch2_05d_strm_1.ymap
prop_fire_hydrant_2, -503.1482, 723.4309, 155.6223, 0, 0, -0.3420199, 0.9396927, update\x64\dlcpacks\mpapartment\dlc.rpf\x64\levels\gta5\_hills\cityhills_02\cityhills_02_metadata.rpf\apa_ch2_08_strm_0.ymap
prop_fire_hydrant_2, -583.0246, 685.4349, 146.598, 0, 0, 0.105034, 0.9944686, update\x64\dlcpacks\mpapartment\dlc.rpf\x64\levels\gta5\_hills\cityhills_02\cityhills_02_metadata.rpf\apa_ch2_08_strm_0.ymap
prop_fire_hydrant_2, -1413.187, 484.4848, 109.0227, 0, 0, 0.3420199, 0.9396927, update\x64\dlcpacks\mpapartment\dlc.rpf\x64\levels\gta5\_hills\cityhills_02\cityhills_02_metadata.rpf\apa_ch2_11_strm_0.ymap
prop_fire_hydrant_2, -1258.089, 470.8416, 93.11461, 0, 0, 0.744145, -0.668018, update\x64\dlcpacks\mpapartment\dlc.rpf\x64\levels\gta5\_hills\cityhills_02\cityhills_02_metadata.rpf\apa_ch2_11_strm_0.ymap
prop_fire_hydrant_2, -1249.207, 645.9921, 140.1417, 0, 0, -0.292576, 0.9562423, update\x64\dlcpacks\mpapartment\dlc.rpf\x64\levels\gta5\_hills\cityhills_02\cityhills_02_metadata.rpf\apa_ch2_11_strm_1.ymap
prop_fire_hydrant_2, -333.6871, 6212.353, 30.38223, 0, 0, -0.6017907, 0.7986538, update\x64\dlcpacks\mpheist\dlc.rpf\x64\levels\gta5\_hills\country_01\country_01_metadata.rpf\hei_cs1_roads_pb_strm_0.ymap
prop_fire_hydrant_2, -318.476, 6235.962, 30.63674, 0, 0, -0.6017907, 0.7986538, update\x64\dlcpacks\mpheist\dlc.rpf\x64\levels\gta5\_hills\country_01\country_01_metadata.rpf\hei_cs1_roads_pb_strm_0.ymap
prop_fire_hydrant_2, -277.7672, 6245.742, 30.40349, 0, 0, 0.9575345, -0.2883191, update\x64\dlcpacks\mpheist\dlc.rpf\x64\levels\gta5\_hills\country_01\country_01_metadata.rpf\hei_cs1_roads_pb_strm_0.ymap
prop_fire_hydrant_2, -275.9326, 6270.322, 30.44695, 0, 0, -0.6017907, 0.7986538, update\x64\dlcpacks\mpheist\dlc.rpf\x64\levels\gta5\_hills\country_01\country_01_metadata.rpf\hei_cs1_roads_pb_strm_0.ymap
prop_fire_hydrant_2, -419.0192, 6247.709, 29.73977, 0, 0, -0.6017907, 0.7986538, update\x64\dlcpacks\mpheist\dlc.rpf\x64\levels\gta5\_hills\country_01\country_01_metadata.rpf\hei_cs1_roads_pb_strm_0.ymap
prop_fire_hydrant_2, -388.7569, 6284.693, 28.50418, 0.012986, -0.004583001, 0.9097732, -0.4148771, update\x64\dlcpacks\mpheist\dlc.rpf\x64\levels\gta5\_hills\country_01\country_01_metadata.rpf\hei_cs1_roads_pb_strm_0.ymap
prop_fire_hydrant_2, -365.4754, 6317.981, 28.72339, -0.013599, -0.002168, -0.601633, 0.798654, update\x64\dlcpacks\mpheist\dlc.rpf\x64\levels\gta5\_hills\country_01\country_01_metadata.rpf\hei_cs1_roads_pb_strm_0.ymap
prop_fire_hydrant_2, -285.9108, 6365.37, 29.65872, -0.013599, -0.002168, -0.601633, 0.798654, update\x64\dlcpacks\mpheist\dlc.rpf\x64\levels\gta5\_hills\country_01\country_01_metadata.rpf\hei_cs1_roads_pb_strm_0.ymap
prop_fire_hydrant_2, -287.8302, 6224.032, 30.51382, 0, 0, 0.8766389, 0.4811489, update\x64\dlcpacks\mpheist\dlc.rpf\x64\levels\gta5\_hills\country_01\country_01_metadata.rpf\hei_cs1_roads_pb_strm_0.ymap
prop_fire_hydrant_2, -329.6826, 6247.324, 30.6316, 0, 0, -0.6017907, 0.7986538, update\x64\dlcpacks\mpheist\dlc.rpf\x64\levels\gta5\_hills\country_01\country_01_metadata.rpf\hei_cs1_roads_pb_strm_0.ymap
prop_fire_hydrant_2, -241.3504, 6282.279, 30.42768, 0.012109, -0.006559001, 0.9634972, -0.267364, update\x64\dlcpacks\mpheist\dlc.rpf\x64\levels\gta5\_hills\country_01\country_01_metadata.rpf\hei_cs1_roads_pb_strm_1.ymap
prop_fire_hydrant_2, -233.9956, 6312.063, 30.46417, 0, 0, -0.6017907, 0.7986538, update\x64\dlcpacks\mpheist\dlc.rpf\x64\levels\gta5\_hills\country_01\country_01_metadata.rpf\hei_cs1_roads_pb_strm_1.ymap
prop_fire_hydrant_2, -215.0508, 6330.984, 30.49648, 0, 0, -0.6017907, 0.7986538, update\x64\dlcpacks\mpheist\dlc.rpf\x64\levels\gta5\_hills\country_01\country_01_metadata.rpf\hei_cs1_roads_pb_strm_1.ymap
prop_fire_hydrant_2, -187.0511, 6336.587, 30.42928, 0, 0, -0.6017907, 0.7986538, update\x64\dlcpacks\mpheist\dlc.rpf\x64\levels\gta5\_hills\country_01\country_01_metadata.rpf\hei_cs1_roads_pb_strm_1.ymap
prop_fire_hydrant_2, -179.0273, 6369.899, 30.47655, 0, 0, -0.6017907, 0.7986538, update\x64\dlcpacks\mpheist\dlc.rpf\x64\levels\gta5\_hills\country_01\country_01_metadata.rpf\hei_cs1_roads_pb_strm_1.ymap
prop_fire_hydrant_2, -127.4594, 6412.962, 30.42108, 0, 0, -0.6017907, 0.7986538, update\x64\dlcpacks\mpheist\dlc.rpf\x64\levels\gta5\_hills\country_01\country_01_metadata.rpf\hei_cs1_roads_pb_strm_1.ymap
prop_fire_hydrant_2, -137.7608, 6386.021, 30.5531, 0, 0, -0.6017907, 0.7986538, update\x64\dlcpacks\mpheist\dlc.rpf\x64\levels\gta5\_hills\country_01\country_01_metadata.rpf\hei_cs1_roads_pb_strm_1.ymap
prop_fire_hydrant_2, -19.3709, 6390.546, 30.4185, 0, 0, -0.6017907, 0.7986538, update\x64\dlcpacks\mpheist\dlc.rpf\x64\levels\gta5\_hills\country_01\country_01_metadata.rpf\hei_cs1_roads_pb_strm_1.ymap
prop_fire_hydrant_2, -51.8656, 6343.232, 30.3467, -0.010878, 0.008445, 0.171758, 0.9850429, update\x64\dlcpacks\mpheist\dlc.rpf\x64\levels\gta5\_hills\country_01\country_01_metadata.rpf\hei_cs1_roads_pb_strm_1.ymap
prop_fire_hydrant_2, -70.02231, 6287.55, 30.49126, 0, 0, -0.6017907, 0.7986538, update\x64\dlcpacks\mpheist\dlc.rpf\x64\levels\gta5\_hills\country_01\country_01_metadata.rpf\hei_cs1_roads_pb_strm_1.ymap
prop_fire_hydrant_2, -101.5603, 6296.367, 30.49594, 0, 0, 0.9026073, 0.4304651, update\x64\dlcpacks\mpheist\dlc.rpf\x64\levels\gta5\_hills\country_01\country_01_metadata.rpf\hei_cs1_roads_pb_strm_1.ymap
prop_fire_hydrant_2, -129.5249, 6233.463, 30.35857, -0.013599, -0.002168, -0.601633, 0.798654, update\x64\dlcpacks\mpheist\dlc.rpf\x64\levels\gta5\_hills\country_01\country_01_metadata.rpf\hei_cs1_roads_pb_strm_1.ymap
prop_fire_hydrant_2, -170.7844, 6228.194, 30.37387, 0, 0, -0.04410899, 0.9990267, update\x64\dlcpacks\mpheist\dlc.rpf\x64\levels\gta5\_hills\country_01\country_01_metadata.rpf\hei_cs1_roads_pb_strm_1.ymap
prop_fire_hydrant_2, -237.0871, 6392.406, 30.1644, 0, 0, -0.6017907, 0.7986538, update\x64\dlcpacks\mpheist\dlc.rpf\x64\levels\gta5\_hills\country_01\country_01_metadata.rpf\hei_cs1_roads_pb_strm_1.ymap
prop_fire_hydrant_2, -161.1042, 6354.646, 30.5152, 0, 0, 0.139994, 0.9901524, update\x64\dlcpacks\mpheist\dlc.rpf\x64\levels\gta5\_hills\country_01\country_01_metadata.rpf\hei_cs1_roads_pb_strm_1.ymap
prop_fire_hydrant_2, -145.7553, 6321.542, 30.61208, 0, 0, -0.6017907, 0.7986538, update\x64\dlcpacks\mpheist\dlc.rpf\x64\levels\gta5\_hills\country_01\country_01_metadata.rpf\hei_cs1_roads_pb_strm_1.ymap
prop_fire_hydrant_2, -184.894, 6174.258, 30.49064, -0.013599, -0.002168, -0.601633, 0.798654, update\x64\dlcpacks\mpheist\dlc.rpf\x64\levels\gta5\_hills\country_01\country_01_metadata.rpf\hei_cs1_roads_pb_strm_2.ymap
prop_fire_hydrant_2, -226.1844, 6166.371, 30.3001, 0, 0, 0.5539411, 0.8325559, update\x64\dlcpacks\mpheist\dlc.rpf\x64\levels\gta5\_hills\country_01\country_01_metadata.rpf\hei_cs1_roads_pb_strm_2.ymap
prop_fire_hydrant_2, -234.6306, 6124.489, 30.42771, 0, 0, 0.995546, -0.094278, update\x64\dlcpacks\mpheist\dlc.rpf\x64\levels\gta5\_hills\country_01\country_01_metadata.rpf\hei_cs1_roads_pb_strm_2.ymap
prop_fire_hydrant_2, -244.7378, 6145.672, 30.33011, 0, 0, 0.520988, 0.853564, update\x64\dlcpacks\mpheist\dlc.rpf\x64\levels\gta5\_hills\country_01\country_01_metadata.rpf\hei_cs1_roads_pb_strm_2.ymap
prop_fire_hydrant_2, -238.1924, 6173.322, 30.47832, 0, 0, 0.9157704, 0.4017022, update\x64\dlcpacks\mpheist\dlc.rpf\x64\levels\gta5\_hills\country_01\country_01_metadata.rpf\hei_cs1_roads_pb_strm_2.ymap
prop_fire_hydrant_2, -416.9017, 5987.471, 30.58865, 0, 0, -0.6017907, 0.7986538, update\x64\dlcpacks\mpheist\dlc.rpf\x64\levels\gta5\_hills\country_01\country_01_metadata.rpf\hei_cs1_roads_pb_strm_2.ymap
prop_fire_hydrant_2, -400.9677, 6038.371, 30.51275, 0, 0, 0.5013739, 0.8652307, update\x64\dlcpacks\mpheist\dlc.rpf\x64\levels\gta5\_hills\country_01\country_01_metadata.rpf\hei_cs1_roads_pb_strm_2.ymap
prop_fire_hydrant_2, -424.7747, 6120.897, 30.58536, 0, 0, -0.04646, 0.9989201, update\x64\dlcpacks\mpheist\dlc.rpf\x64\levels\gta5\_hills\country_01\country_01_metadata.rpf\hei_cs1_roads_pb_strm_2.ymap
prop_fire_hydrant_2, -345.9277, 6176.03, 30.36089, 0, 0, 0.8725862, -0.4884601, update\x64\dlcpacks\mpheist\dlc.rpf\x64\levels\gta5\_hills\country_01\country_01_metadata.rpf\hei_cs1_roads_pb_strm_2.ymap
prop_fire_hydrant_2, -361.5613, 6185.09, 30.40445, 0, 0, -0.6017907, 0.7986538, update\x64\dlcpacks\mpheist\dlc.rpf\x64\levels\gta5\_hills\country_01\country_01_metadata.rpf\hei_cs1_roads_pb_strm_2.ymap
prop_fire_hydrant_2, -301.8925, 6089.228, 30.40079, 0, 0, -0.6017907, 0.7986538, update\x64\dlcpacks\mpheist\dlc.rpf\x64\levels\gta5\_hills\country_01\country_01_metadata.rpf\hei_cs1_roads_pb_strm_2.ymap
prop_fire_hydrant_2, -261.0872, 6097.869, 30.38885, 0, 0, 0.9904733, -0.137705, update\x64\dlcpacks\mpheist\dlc.rpf\x64\levels\gta5\_hills\country_01\country_01_metadata.rpf\hei_cs1_roads_pb_strm_2.ymap
prop_fire_hydrant_2, -335.6018, 6055.203, 30.23943, 0, 0, -0.6017907, 0.7986538, update\x64\dlcpacks\mpheist\dlc.rpf\x64\levels\gta5\_hills\country_01\country_01_metadata.rpf\hei_cs1_roads_pb_strm_2.ymap
prop_fire_hydrant_2, -349.2255, 6007.716, 30.23636, 0.009818997, -0.009655998, 0.9998558, 0.009939997, update\x64\dlcpacks\mpheist\dlc.rpf\x64\levels\gta5\_hills\country_01\country_01_metadata.rpf\hei_cs1_roads_pb_strm_2.ymap
prop_fire_hydrant_2, -402.8713, 6195.223, 30.50311, 0, 0, 0.9733464, 0.2293401, update\x64\dlcpacks\mpheist\dlc.rpf\x64\levels\gta5\_hills\country_01\country_01_metadata.rpf\hei_cs1_roads_pb_strm_2.ymap
prop_fire_hydrant_2, -270.9688, 6188.29, 30.41868, 0, 0, -0.6017907, 0.7986538, update\x64\dlcpacks\mpheist\dlc.rpf\x64\levels\gta5\_hills\country_01\country_01_metadata.rpf\hei_cs1_roads_pb_strm_2.ymap
prop_fire_hydrant_2, -107.5828, 6436.527, 30.4282, 0, 0, -0.6017907, 0.7986538, update\x64\dlcpacks\mpheist\dlc.rpf\x64\levels\gta5\_hills\country_01\country_01_metadata.rpf\hei_cs1_roads_pb_strm_3.ymap
prop_fire_hydrant_2, -67.98683, 6455.025, 30.43172, 0, 0, 0.9025372, -0.4306121, update\x64\dlcpacks\mpheist\dlc.rpf\x64\levels\gta5\_hills\country_01\country_01_metadata.rpf\hei_cs1_roads_pb_strm_3.ymap
prop_fire_hydrant_2, -43.53084, 6481.812, 30.48961, 0, 0, 0.9497581, 0.3129851, update\x64\dlcpacks\mpheist\dlc.rpf\x64\levels\gta5\_hills\country_01\country_01_metadata.rpf\hei_cs1_roads_pb_strm_3.ymap
prop_fire_hydrant_2, -42.24387, 6506.336, 30.48405, 0, 0, -0.6017907, 0.7986538, update\x64\dlcpacks\mpheist\dlc.rpf\x64\levels\gta5\_hills\country_01\country_01_metadata.rpf\hei_cs1_roads_pb_strm_3.ymap
prop_fire_hydrant_2, -3.733185, 6540.262, 30.4374, 0, 0, -0.6017907, 0.7986538, update\x64\dlcpacks\mpheist\dlc.rpf\x64\levels\gta5\_hills\country_01\country_01_metadata.rpf\hei_cs1_roads_pb_strm_3.ymap
prop_fire_hydrant_2, -10.54083, 6510.727, 30.56669, 0, 0, -0.6017907, 0.7986538, update\x64\dlcpacks\mpheist\dlc.rpf\x64\levels\gta5\_hills\country_01\country_01_metadata.rpf\hei_cs1_roads_pb_strm_3.ymap
prop_fire_hydrant_2, 32.14667, 6579.934, 30.60691, 0, 0, -0.122479, 0.9924711, update\x64\dlcpacks\mpheist\dlc.rpf\x64\levels\gta5\_hills\country_01\country_01_metadata.rpf\hei_cs1_roads_pb_strm_3.ymap
prop_fire_hydrant_2, 87.81293, 6611.258, 30.43761, 0, 0, -0.6017907, 0.7986538, update\x64\dlcpacks\mpheist\dlc.rpf\x64\levels\gta5\_hills\country_01\country_01_metadata.rpf\hei_cs1_roads_pb_strm_3.ymap
prop_fire_hydrant_2, 19.49298, 6431.757, 30.40932, -0.003286999, 0.013373, 0.7460908, 0.6657018, update\x64\dlcpacks\mpheist\dlc.rpf\x64\levels\gta5\_hills\country_01\country_01_metadata.rpf\hei_cs1_roads_pb_strm_3.ymap
prop_fire_hydrant_2, -184.0089, 6451.588, 30.04881, 0, 0, -0.6017907, 0.7986538, update\x64\dlcpacks\mpheist\dlc.rpf\x64\levels\gta5\_hills\country_01\country_01_metadata.rpf\hei_cs1_roads_pb_strm_3.ymap
prop_fire_hydrant_2, -153.193, 6470.053, 29.81155, 0, 0, 0.354513, 0.9350511, update\x64\dlcpacks\mpheist\dlc.rpf\x64\levels\gta5\_hills\country_01\country_01_metadata.rpf\hei_cs1_roads_pb_strm_3.ymap
prop_fire_hydrant_2, -105.8379, 6547.375, 28.51611, -0.013599, -0.002168, -0.601633, 0.798654, update\x64\dlcpacks\mpheist\dlc.rpf\x64\levels\gta5\_hills\country_01\country_01_metadata.rpf\hei_cs1_roads_pb_strm_3.ymap
prop_fire_hydrant_2, -39.16348, 6603.544, 28.99692, 0, 0, 0.9593536, -0.282207, update\x64\dlcpacks\mpheist\dlc.rpf\x64\levels\gta5\_hills\country_01\country_01_metadata.rpf\hei_cs1_roads_pb_strm_3.ymap
prop_fire_hydrant_2, 41.83325, 6627.449, 30.52296, 0, 0, -0.6017907, 0.7986538, update\x64\dlcpacks\mpheist\dlc.rpf\x64\levels\gta5\_hills\country_01\country_01_metadata.rpf\hei_cs1_roads_pb_strm_3.ymap
prop_fire_hydrant_2, -136.0981, 6452.527, 30.57389, 0, 0, 0.995382, -0.095993, update\x64\dlcpacks\mpheist\dlc.rpf\x64\levels\gta5\_hills\country_01\country_01_metadata.rpf\hei_cs1_roads_pb_strm_3.ymap
prop_fire_hydrant_2, 95.0864, 6450.557, 30.51131, 0, 0, 0.9989256, 0.04634398, update\x64\dlcpacks\mpheist\dlc.rpf\x64\levels\gta5\_hills\country_01\country_01_metadata.rpf\hei_cs1_roads_pb_strm_4.ymap
prop_fire_hydrant_2, 1663.71, 4832.64, 41.12888, 0, 0, 0, 1, update\x64\dlcpacks\mpheist\dlc.rpf\x64\levels\gta5\_hills\country_02\country_02_metadata.rpf\hei_cs2_01_strm_1.ymap
prop_fire_hydrant_2, 1673.427, 4879.911, 41.01236, 0, 0, 0, 1, update\x64\dlcpacks\mpheist\dlc.rpf\x64\levels\gta5\_hills\country_02\country_02_metadata.rpf\hei_cs2_01_strm_1.ymap
prop_fire_hydrant_2, 1681.438, 4815.481, 41.01201, 0, 0, 0.6755903, 0.7372773, update\x64\dlcpacks\mpheist\dlc.rpf\x64\levels\gta5\_hills\country_02\country_02_metadata.rpf\hei_cs2_01_strm_1.ymap
prop_fire_hydrant_2, -404.3597, 117.7202, 64.50055, 0, 0, 1, 0, update\x64\dlcpacks\mpapartment\dlc.rpf\x64\levels\gta5\_citye\sunset\sunset_metadata.rpf\apa_ss1_rd1_strm_0.ymap
prop_fire_hydrant_2, -413.1147, 15.50782, 45.58386, 0, 0, -0.008616999, 0.9999629, update\x64\dlcpacks\mpapartment\dlc.rpf\x64\levels\gta5\_citye\sunset\sunset_metadata.rpf\apa_ss1_rd1_strm_0.ymap
prop_fire_hydrant_2, -535.0006, 22.05722, 43.23133, -0.03685601, -0.0009030003, 0.02448601, 0.9990202, update\x64\dlcpacks\mpapartment\dlc.rpf\x64\levels\gta5\_citye\sunset\sunset_metadata.rpf\apa_ss1_rd1_strm_0.ymap
prop_fire_hydrant_2, -412.4512, -15.0586, 45.78575, 0, 0, 0.9992905, -0.03766198, update\x64\dlcpacks\mpapartment\dlc.rpf\x64\levels\gta5\_citye\sunset\sunset_metadata.rpf\apa_ss1_rd1_strm_0.ymap
prop_fire_hydrant_2, -531.0603, 138.5935, 62.14984, 0, 0, -0.010942, 0.9999402, update\x64\dlcpacks\mpapartment\dlc.rpf\x64\levels\gta5\_citye\sunset\sunset_metadata.rpf\apa_ss1_rd1_strm_0.ymap
prop_fire_hydrant_2, -557.2788, 121.1755, 62.05185, 0, 0, 0.9999402, 0.010941, update\x64\dlcpacks\mpapartment\dlc.rpf\x64\levels\gta5\_citye\sunset\sunset_metadata.rpf\apa_ss1_rd1_strm_0.ymap
prop_fire_hydrant_2, -389.1542, -23.32584, 46.0153, 0, 0, 0.7495551, 0.6619421, update\x64\dlcpacks\mpapartment\dlc.rpf\x64\levels\gta5\_citye\sunset\sunset_metadata.rpf\apa_ss1_rd1_strm_0.ymap
prop_fire_hydrant_2, -688.023, 265.4381, 80.20399, 0, 0, -0.2378851, 0.9712933, update\x64\dlcpacks\mpapartment\dlc.rpf\x64\levels\gta5\_citye\sunset\sunset_metadata.rpf\apa_ss1_rd1_strm_0.ymap
prop_fire_hydrant_2, -665.7419, 120.8412, 56.09654, 0, 0, 0.9999402, 0.010941, update\x64\dlcpacks\mpapartment\dlc.rpf\x64\levels\gta5\_citye\sunset\sunset_metadata.rpf\apa_ss1_rd1_strm_0.ymap
prop_fire_hydrant_2, -439.8847, 231.9369, 82.10033, 0, 0, 0.9994658, -0.03268499, update\x64\dlcpacks\mpapartment\dlc.rpf\x64\levels\gta5\_citye\sunset\sunset_metadata.rpf\apa_ss1_rd1_strm_0.ymap
prop_fire_hydrant_2, -273.9735, -25.26585, 48.70473, 0, 0, 0.162862, 0.9866489, update\x64\dlcpacks\mpapartment\dlc.rpf\x64\levels\gta5\_citye\sunset\sunset_metadata.rpf\apa_ss1_rd1_strm_1.ymap
prop_fire_hydrant_2, -260.5922, 2.703825, 50.61459, -0.04380903, 0.03438402, -0.6164474, 0.7854242, update\x64\dlcpacks\mpapartment\dlc.rpf\x64\levels\gta5\_citye\sunset\sunset_metadata.rpf\apa_ss1_rd1_strm_1.ymap
prop_fire_hydrant_2, -243.176, 115.734, 68.69505, 0, 0, 0.9999402, 0.010942, update\x64\dlcpacks\mpapartment\dlc.rpf\x64\levels\gta5\_citye\sunset\sunset_metadata.rpf\apa_ss1_rd1_strm_1.ymap
prop_fire_hydrant_2, -384.9343, 22.5946, 46.1881, 0, 0, 0.7866453, 0.6174052, update\x64\dlcpacks\mpapartment\dlc.rpf\x64\levels\gta5\_citye\sunset\sunset_metadata.rpf\apa_ss1_rd1_strm_1.ymap
prop_fire_hydrant_2, -284.2937, -52.55183, 48.44466, 0, 0, 0.987949, -0.15478, update\x64\dlcpacks\mpapartment\dlc.rpf\x64\levels\gta5\_citye\sunset\sunset_metadata.rpf\apa_ss1_rd1_strm_1.ymap
prop_fire_hydrant_2, -213.9651, 131.4929, 68.75038, 0, 0, -0.010942, 0.9999402, update\x64\dlcpacks\mpapartment\dlc.rpf\x64\levels\gta5\_citye\sunset\sunset_metadata.rpf\apa_ss1_rd1_strm_1.ymap
prop_fire_hydrant_2, -57.59058, 279.8887, 102.7404, 0, 0, 0.9928138, -0.11967, update\x64\dlcpacks\mpapartment\dlc.rpf\x64\levels\gta5\_citye\sunset\sunset_metadata.rpf\apa_ss1_rd1_strm_1.ymap
prop_fire_hydrant_2, -115.2678, 236.5751, 96.47939, 0, 0, 0.7148015, -0.6993275, update\x64\dlcpacks\mpapartment\dlc.rpf\x64\levels\gta5\_citye\sunset\sunset_metadata.rpf\apa_ss1_rd1_strm_1.ymap
prop_fire_hydrant_2, -307.7103, 115.849, 66.97222, 0, 0, 0.9999402, 0.010942, update\x64\dlcpacks\mpapartment\dlc.rpf\x64\levels\gta5\_citye\sunset\sunset_metadata.rpf\apa_ss1_rd1_strm_1.ymap
prop_fire_hydrant_2, -219.2439, -75.02411, 49.26888, 0, 0, 0.9873155, -0.1587711, update\x64\dlcpacks\mpapartment\dlc.rpf\x64\levels\gta5\_citye\sunset\sunset_metadata.rpf\apa_ss1_rd1_strm_2.ymap
prop_fire_hydrant_2, -291.619, -111.8606, 45.13532, 0, 0, -0.6238239, 0.7815649, update\x64\dlcpacks\mpapartment\dlc.rpf\x64\levels\gta5\_citye\sunset\sunset_metadata.rpf\apa_ss1_rd1_strm_2.ymap
prop_fire_hydrant_2, -299.9332, -230.4406, 35.07347, 0, 0, 0.728324, -0.685233, update\x64\dlcpacks\mpapartment\dlc.rpf\x64\levels\gta5\_citye\sunset\sunset_metadata.rpf\apa_ss1_rd1_strm_2.ymap
prop_fire_hydrant_2, -295.7593, -285.5594, 30.0052, 0, 0, 0.7503878, -0.6609979, update\x64\dlcpacks\mpapartment\dlc.rpf\x64\levels\gta5\_citye\sunset\sunset_metadata.rpf\apa_ss1_rd1_strm_2.ymap
prop_fire_hydrant_2, -369.7627, -261.7324, 33.45229, 0, 0, 0.311562, 0.9502258, update\x64\dlcpacks\mpapartment\dlc.rpf\x64\levels\gta5\_citye\sunset\sunset_metadata.rpf\apa_ss1_rd1_strm_2.ymap
prop_fire_hydrant_2, -302.2833, -323.4339, 29.43822, 0, 0, 0.9651601, -0.26166, update\x64\dlcpacks\mpapartment\dlc.rpf\x64\levels\gta5\_citye\sunset\sunset_metadata.rpf\apa_ss1_rd1_strm_2.ymap
prop_fire_hydrant_2, -375.0498, -221.3289, 35.57283, 0, 0, 0.9188638, 0.3945749, update\x64\dlcpacks\mpapartment\dlc.rpf\x64\levels\gta5\_citye\sunset\sunset_metadata.rpf\apa_ss1_rd1_strm_2.ymap
prop_fire_hydrant_2, -544.241, -58.77235, 41.05476, 0, 0, 0.277292, 0.9607857, update\x64\dlcpacks\mpapartment\dlc.rpf\x64\levels\gta5\_citye\sunset\sunset_metadata.rpf\apa_ss1_rd1_strm_2.ymap
prop_fire_hydrant_2, -465.8567, -122.7108, 37.95888, 0, 0, 0.505288, 0.8629508, update\x64\dlcpacks\mpapartment\dlc.rpf\x64\levels\gta5\_citye\sunset\sunset_metadata.rpf\apa_ss1_rd1_strm_2.ymap
prop_fire_hydrant_2, -430.5127, -209.64, 35.46951, 0, 0, 0.8856485, -0.4643563, update\x64\dlcpacks\mpapartment\dlc.rpf\x64\levels\gta5\_citye\sunset\sunset_metadata.rpf\apa_ss1_rd1_strm_2.ymap
prop_fire_hydrant_2, -70.28156, -1093.465, 25.54507, 0, 0, 0.812338, 0.583187, update\update.rpf\dlc_patch\mpheist\x64\levels\gta5\_citye\downtown_01\downtown_01_metadata.rpf\hei_dt1_22_strm_0.ymap
prop_fire_hydrant_2, -214.7536, -897.9936, 28.36577, 0, 0, 0.9848078, -0.1736479, update\update.rpf\dlc_patch\mpheist\x64\levels\gta5\_citye\downtown_01\downtown_01_metadata.rpf\hei_dt1_rd1_strm_0.ymap
prop_fire_hydrant_2, -170.5269, -914.2033, 28.34599, 0, 0, 0.9848078, -0.1736479, update\update.rpf\dlc_patch\mpheist\x64\levels\gta5\_citye\downtown_01\downtown_01_metadata.rpf\hei_dt1_rd1_strm_0.ymap
prop_fire_hydrant_2, -271.0106, -847.727, 30.70413, -0.01662, -0.011663, 0.149282, 0.9885862, update\update.rpf\dlc_patch\mpheist\x64\levels\gta5\_citye\downtown_01\downtown_01_metadata.rpf\hei_dt1_rd1_strm_0.ymap
prop_fire_hydrant_2, -193.4238, -866.7333, 28.28383, 0, 0, -0.6087614, 0.7933534, update\update.rpf\dlc_patch\mpheist\x64\levels\gta5\_citye\downtown_01\downtown_01_metadata.rpf\hei_dt1_rd1_strm_0.ymap
prop_fire_hydrant_2, -257.9478, -795.1838, 31.27375, 0.01568, -0.022137, 0.8046111, 0.5931821, update\update.rpf\dlc_patch\mpheist\x64\levels\gta5\_citye\downtown_01\downtown_01_metadata.rpf\hei_dt1_rd1_strm_0.ymap
prop_fire_hydrant_2, -296.5039, -839.7648, 30.7235, 0, 0, 0.149001, 0.9888371, update\update.rpf\dlc_patch\mpheist\x64\levels\gta5\_citye\downtown_01\downtown_01_metadata.rpf\hei_dt1_rd1_strm_0.ymap
prop_fire_hydrant_2, -297.8311, -870.6478, 30.71335, 0, 0, -0.6346878, 0.7727687, update\update.rpf\dlc_patch\mpheist\x64\levels\gta5\_citye\downtown_01\downtown_01_metadata.rpf\hei_dt1_rd1_strm_0.ymap
prop_fire_hydrant_2, -346.3513, -861.9487, 30.5608, 0, 0, -0.6346878, 0.7727687, update\update.rpf\dlc_patch\mpheist\x64\levels\gta5\_citye\downtown_01\downtown_01_metadata.rpf\hei_dt1_rd1_strm_0.ymap
prop_fire_hydrant_2, -218.4197, -865.5629, 28.90686, -0.000171, -0.01666, 0.1738139, 0.9846376, update\update.rpf\dlc_patch\mpheist\x64\levels\gta5\_citye\downtown_01\downtown_01_metadata.rpf\hei_dt1_rd1_strm_0.ymap
prop_fire_hydrant_2, -240.2935, -992.8779, 28.27681, 0, 0, -0.5841162, 0.8116701, update\update.rpf\dlc_patch\mpheist\x64\levels\gta5\_citye\downtown_01\downtown_01_metadata.rpf\hei_dt1_rd1_strm_0.ymap
prop_fire_hydrant_2, -295.7535, -1128.171, 22.13461, 0, 0, 0.7098798, -0.7043228, update\update.rpf\dlc_patch\mpheist\x64\levels\gta5\_citye\downtown_01\downtown_01_metadata.rpf\hei_dt1_rd1_strm_0.ymap
prop_fire_hydrant_2, -1.15741, -777.6989, 43.1894, 0, 0, 0.985021, -0.172435, update\update.rpf\dlc_patch\mpheist\x64\levels\gta5\_citye\downtown_01\downtown_01_metadata.rpf\hei_dt1_rd1_strm_1.ymap
prop_fire_hydrant_2, 100.4023, -972.1074, 28.36987, 0, 0, -0.6087614, 0.7933534, update\update.rpf\dlc_patch\mpheist\x64\levels\gta5\_citye\downtown_01\downtown_01_metadata.rpf\hei_dt1_rd1_strm_1.ymap
prop_fire_hydrant_2, -12.32686, -967.4263, 28.6143, 0, 0, 0.9848078, -0.1736479, update\update.rpf\dlc_patch\mpheist\x64\levels\gta5\_citye\downtown_01\downtown_01_metadata.rpf\hei_dt1_rd1_strm_1.ymap
prop_fire_hydrant_2, 35.43467, -1116.698, 28.32556, 0, 0, -0.484246, 0.8749319, update\update.rpf\dlc_patch\mpheist\x64\levels\gta5\_citye\downtown_01\downtown_01_metadata.rpf\hei_dt1_rd1_strm_1.ymap
prop_fire_hydrant_2, -79.51757, -1120.662, 24.82762, 0, 0, 0.812338, 0.583187, update\update.rpf\dlc_patch\mpheist\x64\levels\gta5\_citye\downtown_01\downtown_01_metadata.rpf\hei_dt1_rd1_strm_1.ymap
prop_fire_hydrant_2, 84.44492, -1016.732, 28.32373, 0, 0, -0.573577, 0.8191517, update\update.rpf\dlc_patch\mpheist\x64\levels\gta5\_citye\downtown_01\downtown_01_metadata.rpf\hei_dt1_rd1_strm_1.ymap
prop_fire_hydrant_2, 24.89429, -1123.724, 28.24779, 0, 0, 0.1736479, 0.9848078, update\update.rpf\dlc_patch\mpheist\x64\levels\gta5\_citye\downtown_01\downtown_01_metadata.rpf\hei_dt1_rd1_strm_1.ymap
prop_fire_hydrant_2, 76.89237, -1115.419, 28.2908, 0, 0, 0.7114832, 0.7027032, update\update.rpf\dlc_patch\mpheist\x64\levels\gta5\_citye\downtown_01\downtown_01_metadata.rpf\hei_dt1_rd1_strm_1.ymap
prop_fire_hydrant_2, -5.565414, -1124.774, 26.93417, 0, 0, 0.1736479, 0.9848078, update\update.rpf\dlc_patch\mpheist\x64\levels\gta5\_citye\downtown_01\downtown_01_metadata.rpf\hei_dt1_rd1_strm_1.ymap
prop_fire_hydrant_2, -47.96172, -1032.87, 27.49595, 0, 0, 0.812338, 0.583187, update\update.rpf\dlc_patch\mpheist\x64\levels\gta5\_citye\downtown_01\downtown_01_metadata.rpf\hei_dt1_rd1_strm_1.ymap
prop_fire_hydrant_2, -237.2393, -643.3583, 32.43422, 0, 0, 0.778336, 0.627848, update\update.rpf\dlc_patch\mpheist\x64\levels\gta5\_citye\downtown_01\downtown_01_metadata.rpf\hei_dt1_rd1_strm_2.ymap
prop_fire_hydrant_2, -267.9884, -639.8349, 32.25481, 0, 0, -0.5933002, 0.8049813, update\update.rpf\dlc_patch\mpheist\x64\levels\gta5\_citye\downtown_01\downtown_01_metadata.rpf\hei_dt1_rd1_strm_2.ymap
prop_fire_hydrant_2, -324.3756, -646.4117, 31.62401, 0, 0, -0.003537999, 0.9999937, update\update.rpf\dlc_patch\mpheist\x64\levels\gta5\_citye\downtown_01\downtown_01_metadata.rpf\hei_dt1_rd1_strm_2.ymap
prop_fire_hydrant_2, -354.8131, -646.3637, 30.83405, 0, 0, -0.003537999, 0.9999937, update\update.rpf\dlc_patch\mpheist\x64\levels\gta5\_citye\downtown_01\downtown_01_metadata.rpf\hei_dt1_rd1_strm_2.ymap
prop_fire_hydrant_2, -254.1956, -604.6976, 32.78268, 0, 0, -0.5933002, 0.8049813, update\update.rpf\dlc_patch\mpheist\x64\levels\gta5\_citye\downtown_01\downtown_01_metadata.rpf\hei_dt1_rd1_strm_2.ymap
prop_fire_hydrant_2, -228.9554, -716.8723, 32.58066, 0, 0, 0.8191518, 0.5735769, update\update.rpf\dlc_patch\mpheist\x64\levels\gta5\_citye\downtown_01\downtown_01_metadata.rpf\hei_dt1_rd1_strm_2.ymap
prop_fire_hydrant_2, 85.78858, -571.6511, 30.473, 0, 0, -0.5713131, 0.8207322, update\update.rpf\dlc_patch\mpheist\x64\levels\gta5\_citye\downtown_01\downtown_01_metadata.rpf\hei_dt1_rd1_strm_2.ymap
prop_fire_hydrant_2, 27.87806, -555.0859, 34.89763, 0, 0, -0.673553, 0.739139, update\update.rpf\dlc_patch\mpheist\x64\levels\gta5\_citye\downtown_01\downtown_01_metadata.rpf\hei_dt1_rd1_strm_2.ymap
prop_fire_hydrant_2, 56.02003, -752.7261, 30.79543, 0, 0, 0.8191523, 0.5735762, update\update.rpf\dlc_patch\mpheist\x64\levels\gta5\_citye\downtown_01\downtown_01_metadata.rpf\hei_dt1_rd1_strm_3.ymap
prop_fire_hydrant_2, -103.8421, -733.6862, 33.77885, 0, 0, 0.9848078, -0.1736479, update\update.rpf\dlc_patch\mpheist\x64\levels\gta5\_citye\downtown_01\downtown_01_metadata.rpf\hei_dt1_rd1_strm_3.ymap
prop_fire_hydrant_2, -98.79684, -694.7392, 33.79656, 0, 0, 0.8191523, 0.5735762, update\update.rpf\dlc_patch\mpheist\x64\levels\gta5\_citye\downtown_01\downtown_01_metadata.rpf\hei_dt1_rd1_strm_3.ymap
prop_fire_hydrant_2, -137.1829, -689.8704, 33.76234, 0, 0, 0.130526, 0.9914449, update\update.rpf\dlc_patch\mpheist\x64\levels\gta5\_citye\downtown_01\downtown_01_metadata.rpf\hei_dt1_rd1_strm_3.ymap
prop_fire_hydrant_2, 123.0096, -586.8227, 42.76423, 0, 0, 0.9848078, -0.1736479, update\update.rpf\dlc_patch\mpheist\x64\levels\gta5\_citye\downtown_01\downtown_01_metadata.rpf\hei_dt1_rd1_strm_3.ymap
prop_fire_hydrant_2, -146.9029, -719.654, 33.7843, 0, 0, 0.9848078, -0.1736479, update\update.rpf\dlc_patch\mpheist\x64\levels\gta5\_citye\downtown_01\downtown_01_metadata.rpf\hei_dt1_rd1_strm_3.ymap
prop_fire_hydrant_2, -112.6146, -642.3177, 35.24854, 0, 0, -0.706594, 0.7076191, update\update.rpf\dlc_patch\mpheist\x64\levels\gta5\_citye\downtown_01\downtown_01_metadata.rpf\hei_dt1_rd1_strm_3.ymap
prop_fire_hydrant_2, 105.9385, -617.679, 43.20898, 0, 0, 0.9848078, -0.1736479, update\update.rpf\dlc_patch\mpheist\x64\levels\gta5\_citye\downtown_01\downtown_01_metadata.rpf\hei_dt1_rd1_strm_3.ymap
prop_fire_hydrant_2, -65.30352, -601.03, 35.2475, 0, 0, 0.1781951, 0.9839952, update\update.rpf\dlc_patch\mpheist\x64\levels\gta5\_citye\downtown_01\downtown_01_metadata.rpf\hei_dt1_rd1_strm_3.ymap
prop_fire_hydrant_2, -76.53588, -633.4255, 35.33132, 0, 0, 0.1781951, 0.9839952, update\update.rpf\dlc_patch\mpheist\x64\levels\gta5\_citye\downtown_01\downtown_01_metadata.rpf\hei_dt1_rd1_strm_3.ymap
prop_fire_hydrant_2, 24.8018, -746.8041, 43.18845, 0, 0, -0.5697867, 0.8217926, update\update.rpf\dlc_patch\mpheist\x64\levels\gta5\_citye\downtown_01\downtown_01_metadata.rpf\hei_dt1_rd1_strm_3.ymap
prop_fire_hydrant_2, 84.96507, -673.9992, 43.25626, 0, 0, 0.8176652, 0.5756941, update\update.rpf\dlc_patch\mpheist\x64\levels\gta5\_citye\downtown_01\downtown_01_metadata.rpf\hei_dt1_rd1_strm_3.ymap
prop_fire_hydrant_2, 68.74241, -718.7018, 43.25626, 0, 0, 0.8176652, 0.5756941, update\update.rpf\dlc_patch\mpheist\x64\levels\gta5\_citye\downtown_01\downtown_01_metadata.rpf\hei_dt1_rd1_strm_3.ymap
prop_fire_hydrant_2, 334.8209, -677.8786, 28.32805, 0, 0, -0.57547, 0.8178229, update\update.rpf\dlc_patch\mpheist\x64\levels\gta5\_citye\downtown_01\downtown_01_metadata.rpf\hei_dt1_rd1_strm_4.ymap
prop_fire_hydrant_2, 301.8879, -772.4699, 28.40007, 0, 0, -0.57547, 0.8178229, update\update.rpf\dlc_patch\mpheist\x64\levels\gta5\_citye\downtown_01\downtown_01_metadata.rpf\hei_dt1_rd1_strm_4.ymap
prop_fire_hydrant_2, 266.1852, -613.559, 41.55383, 0, 0, 0.817823, 0.57547, update\update.rpf\dlc_patch\mpheist\x64\levels\gta5\_citye\downtown_01\downtown_01_metadata.rpf\hei_dt1_rd1_strm_4.ymap
prop_fire_hydrant_2, 392.9559, -572.3889, 27.71904, 0, 0, -0.57547, 0.8178229, update\update.rpf\dlc_patch\mpheist\x64\levels\gta5\_citye\downtown_01\downtown_01_metadata.rpf\hei_dt1_rd1_strm_4.ymap
prop_fire_hydrant_2, 399.1523, -692.9018, 28.28735, 0, 0, -0.704755, 0.7094508, update\update.rpf\dlc_patch\mpheist\x64\levels\gta5\_citye\downtown_01\downtown_01_metadata.rpf\hei_dt1_rd1_strm_4.ymap
prop_fire_hydrant_2, 154.0054, -583.5356, 43.03771, 0, 0, 0.9774681, -0.211083, update\update.rpf\dlc_patch\mpheist\x64\levels\gta5\_citye\downtown_01\downtown_01_metadata.rpf\hei_dt1_rd1_strm_4.ymap
prop_fire_hydrant_2, 208.5443, -617.3182, 40.55277, 0, 0, 0.9848174, -0.173594, update\update.rpf\dlc_patch\mpheist\x64\levels\gta5\_citye\downtown_01\downtown_01_metadata.rpf\hei_dt1_rd1_strm_4.ymap
prop_fire_hydrant_2, 412.6754, -728.6874, 28.42035, 0, 0, -0.704755, 0.7094508, update\update.rpf\dlc_patch\mpheist\x64\levels\gta5\_citye\downtown_01\downtown_01_metadata.rpf\hei_dt1_rd1_strm_4.ymap
prop_fire_hydrant_2, 132.547, -993.9316, 28.35972, 0, 0, 0.9848078, -0.1736479, update\update.rpf\dlc_patch\mpheist\x64\levels\gta5\_citye\downtown_01\downtown_01_metadata.rpf\hei_dt1_rd1_strm_5.ymap
prop_fire_hydrant_2, 214.9926, -1015.237, 28.35267, 0, 0, 0.8191523, 0.5735762, update\update.rpf\dlc_patch\mpheist\x64\levels\gta5\_citye\downtown_01\downtown_01_metadata.rpf\hei_dt1_rd1_strm_5.ymap
prop_fire_hydrant_2, 199.2026, -1057.035, 28.25206, 0, 0, -0.6087614, 0.7933534, update\update.rpf\dlc_patch\mpheist\x64\levels\gta5\_citye\downtown_01\downtown_01_metadata.rpf\hei_dt1_rd1_strm_5.ymap
prop_fire_hydrant_2, 130.067, -1122.802, 28.27862, 0, 0, -0.02255499, 0.9997456, update\update.rpf\dlc_patch\mpheist\x64\levels\gta5\_citye\downtown_01\downtown_01_metadata.rpf\hei_dt1_rd1_strm_5.ymap
prop_fire_hydrant_2, 188.1118, -1119.837, 28.29217, 0, 0, -0.03028601, 0.9995413, update\update.rpf\dlc_patch\mpheist\x64\levels\gta5\_citye\downtown_01\downtown_01_metadata.rpf\hei_dt1_rd1_strm_5.ymap
prop_fire_hydrant_2, 233.7011, -1124.29, 28.4222, 0, 0, 0.04361901, 0.9990482, update\update.rpf\dlc_patch\mpheist\x64\levels\gta5\_citye\downtown_01\downtown_01_metadata.rpf\hei_dt1_rd1_strm_5.ymap
prop_fire_hydrant_2, 245.3455, -1065.074, 28.29803, 0, 0, 0.9990482, -0.04362002, update\update.rpf\dlc_patch\mpheist\x64\levels\gta5\_citye\downtown_01\downtown_01_metadata.rpf\hei_dt1_rd1_strm_5.ymap
prop_fire_hydrant_2, 297.2656, -1118.418, 28.59276, 0, 0, -0.6755903, 0.7372773, update\update.rpf\dlc_patch\mpheist\x64\levels\gta5\_citye\downtown_01\downtown_01_metadata.rpf\hei_dt1_rd1_strm_5.ymap
prop_fire_hydrant_2, 316.3309, -1063.991, 28.41813, 0, 0, 0.9990482, -0.04362002, update\update.rpf\dlc_patch\mpheist\x64\levels\gta5\_citye\downtown_01\downtown_01_metadata.rpf\hei_dt1_rd1_strm_5.ymap
prop_fire_hydrant_2, 318.6843, -1124.898, 28.39365, -0.00174, 0.020165, 0.043558, 0.9988459, update\update.rpf\dlc_patch\mpheist\x64\levels\gta5\_citye\downtown_01\downtown_01_metadata.rpf\hei_dt1_rd1_strm_5.ymap
prop_fire_hydrant_2, 390.2836, -1117.515, 28.42902, 0, 0, -0.7071065, 0.7071072, update\update.rpf\dlc_patch\mpheist\x64\levels\gta5\_citye\downtown_01\downtown_01_metadata.rpf\hei_dt1_rd1_strm_5.ymap
prop_fire_hydrant_2, 250.8145, -1033.389, 28.4222, 0, 0, 0.04362002, 0.9990482, update\update.rpf\dlc_patch\mpheist\x64\levels\gta5\_citye\downtown_01\downtown_01_metadata.rpf\hei_dt1_rd1_strm_5.ymap
prop_fire_hydrant_2, 385.2064, -1032.854, 28.44575, 0, 0, 0.04362002, 0.9990482, update\update.rpf\dlc_patch\mpheist\x64\levels\gta5\_citye\downtown_01\downtown_01_metadata.rpf\hei_dt1_rd1_strm_5.ymap
prop_fire_hydrant_2, 417.621, -1125.098, 28.41953, 0, 0, -0.04361901, 0.9990482, update\update.rpf\dlc_patch\mpheist\x64\levels\gta5\_citye\downtown_01\downtown_01_metadata.rpf\hei_dt1_rd1_strm_5.ymap
prop_fire_hydrant_2, 405.0264, -1074.872, 28.41976, 0, 0, 0.6755908, 0.7372768, update\update.rpf\dlc_patch\mpheist\x64\levels\gta5\_citye\downtown_01\downtown_01_metadata.rpf\hei_dt1_rd1_strm_5.ymap
prop_fire_hydrant_2, 392.889, -993.4448, 28.4099, 0, 0, 0.7078604, 0.7063524, update\update.rpf\dlc_patch\mpheist\x64\levels\gta5\_citye\downtown_01\downtown_01_metadata.rpf\hei_dt1_rd1_strm_5.ymap
prop_fire_hydrant_2, 410.8833, -1036.262, 28.45512, 0, 0, 0.04362002, 0.9990482, update\update.rpf\dlc_patch\mpheist\x64\levels\gta5\_citye\downtown_01\downtown_01_metadata.rpf\hei_dt1_rd1_strm_5.ymap
prop_fire_hydrant_2, 150.1215, -836.4798, 30.22648, 0, 0, -0.6087614, 0.7933534, update\update.rpf\dlc_patch\mpheist\x64\levels\gta5\_citye\downtown_01\downtown_01_metadata.rpf\hei_dt1_rd1_strm_6.ymap
prop_fire_hydrant_2, 255.7444, -833.0418, 28.63029, 0, 0, 0.2141801, 0.9767942, update\update.rpf\dlc_patch\mpheist\x64\levels\gta5\_citye\downtown_01\downtown_01_metadata.rpf\hei_dt1_rd1_strm_6.ymap
prop_fire_hydrant_2, 199.6531, -812.5965, 30.09957, 0, 0, 0.171369, 0.9852069, update\update.rpf\dlc_patch\mpheist\x64\levels\gta5\_citye\downtown_01\downtown_01_metadata.rpf\hei_dt1_rd1_strm_6.ymap
prop_fire_hydrant_2, 399.7137, -772.874, 28.2688, 0, 0, -0.704755, 0.7094508, update\update.rpf\dlc_patch\mpheist\x64\levels\gta5\_citye\downtown_01\downtown_01_metadata.rpf\hei_dt1_rd1_strm_6.ymap
prop_fire_hydrant_2, 361.5586, -840.1547, 28.30407, 0, 0, 0.003330002, 0.9999945, update\update.rpf\dlc_patch\mpheist\x64\levels\gta5\_citye\downtown_01\downtown_01_metadata.rpf\hei_dt1_rd1_strm_6.ymap
prop_fire_hydrant_2, 264.2375, -965.8184, 28.21879, 0, 0, 0.8191523, 0.5735762, update\update.rpf\dlc_patch\mpheist\x64\levels\gta5\_citye\downtown_01\downtown_01_metadata.rpf\hei_dt1_rd1_strm_6.ymap
prop_fire_hydrant_2, 387.7487, -961.4208, 28.45769, 0, 0, 0.999962, -0.008727, update\update.rpf\dlc_patch\mpheist\x64\levels\gta5\_citye\downtown_01\downtown_01_metadata.rpf\hei_dt1_rd1_strm_6.ymap
prop_fire_hydrant_2, 278.98, -945.1837, 28.36725, 0, 0, 0.04362002, 0.9990482, update\update.rpf\dlc_patch\mpheist\x64\levels\gta5\_citye\downtown_01\downtown_01_metadata.rpf\hei_dt1_rd1_strm_6.ymap
prop_fire_hydrant_2, 296.7576, -876.1454, 28.2314, 0, 0, 0.7933538, 0.6087609, update\update.rpf\dlc_patch\mpheist\x64\levels\gta5\_citye\downtown_01\downtown_01_metadata.rpf\hei_dt1_rd1_strm_6.ymap
prop_fire_hydrant_2, 339.1452, -946.6396, 28.55266, 0, 0, 0.999962, -0.008727, update\update.rpf\dlc_patch\mpheist\x64\levels\gta5\_citye\downtown_01\downtown_01_metadata.rpf\hei_dt1_rd1_strm_6.ymap
prop_fire_hydrant_2, 398.4418, -898.2625, 28.59737, 0, 0, 0.999962, -0.008727, update\update.rpf\dlc_patch\mpheist\x64\levels\gta5\_citye\downtown_01\downtown_01_metadata.rpf\hei_dt1_rd1_strm_6.ymap
prop_fire_hydrant_2, 413.0534, -803.6865, 28.30491, 0, 0, -0.704755, 0.7094508, update\update.rpf\dlc_patch\mpheist\x64\levels\gta5\_citye\downtown_01\downtown_01_metadata.rpf\hei_dt1_rd1_strm_6.ymap
prop_fire_hydrant_2, 494.0963, -968.2924, 26.44581, 0, 0, 0.7372768, -0.6755908, update\update.rpf\dlc_patch\mpheist\x64\levels\gta5\_citye\downtown_01\downtown_01_metadata.rpf\hei_dt1_rd1_strm_7.ymap
prop_fire_hydrant_2, 446.3859, -948.0366, 27.69843, 0, 0, 0.04362002, 0.9990482, update\update.rpf\dlc_patch\mpheist\x64\levels\gta5\_citye\downtown_01\downtown_01_metadata.rpf\hei_dt1_rd1_strm_7.ymap
prop_fire_hydrant_2, 494.2964, -1075.565, 27.81804, 0, 0, 0.7372768, -0.6755908, update\update.rpf\dlc_patch\mpheist\x64\levels\gta5\_citye\downtown_01\downtown_01_metadata.rpf\hei_dt1_rd1_strm_7.ymap
prop_fire_hydrant_2, 1192.688, -1291.104, 34.12431, 0, 0, 0.04361901, 0.9990482, update\x64\dlcpacks\mpheist\dlc.rpf\x64\levels\gta5\_citye\indust_02\indust_02_metadata.rpf\hei_id2_04_strm_1.ymap
prop_fire_hydrant_2, 1178.426, -1328.021, 33.94915, 0, 0, 0.04361901, 0.9990482, update\x64\dlcpacks\mpheist\dlc.rpf\x64\levels\gta5\_citye\indust_02\indust_02_metadata.rpf\hei_id2_04_strm_1.ymap
prop_fire_hydrant_2, 1193.052, -1401.659, 34.35217, 0, 0, 0.04361901, 0.9990482, update\x64\dlcpacks\mpheist\dlc.rpf\x64\levels\gta5\_citye\indust_02\indust_02_metadata.rpf\hei_id2_04_strm_1.ymap
prop_fire_hydrant_2, 1216.567, -1388.096, 34.33273, 0, 0, 0.04361901, 0.9990482, update\x64\dlcpacks\mpheist\dlc.rpf\x64\levels\gta5\_citye\indust_02\indust_02_metadata.rpf\hei_id2_04_strm_1.ymap
prop_fire_hydrant_2, 1276.025, -553.3749, 67.93959, 0, 0, -0.6087614, 0.7933534, update\x64\dlcpacks\mpheist\dlc.rpf\x64\levels\gta5\_citye\indust_02\indust_02_metadata.rpf\hei_id2_21_g_strm_0.ymap
prop_fire_hydrant_2, 1377.905, -584.9611, 73.32396, 0, 0, 0.8870107, 0.4617488, update\x64\dlcpacks\mpheist\dlc.rpf\x64\levels\gta5\_citye\indust_02\indust_02_metadata.rpf\hei_id2_21_g_strm_0.ymap
prop_fire_hydrant_2, 1316.806, -549.1252, 70.90243, 0, 0, 0.185814, 0.982585, update\x64\dlcpacks\mpheist\dlc.rpf\x64\levels\gta5\_citye\indust_02\indust_02_metadata.rpf\hei_id2_21_g_strm_0.ymap
prop_fire_hydrant_2, 453.2254, -1031.02, 31.30995, 0, 0, 0.04362002, 0.9990482, update\x64\dlcpacks\mpheist\dlc.rpf\x64\levels\gta5\_citye\indust_02\indust_02_metadata.rpf\hei_id2_rd_strm_0.ymap
prop_fire_hydrant_2, 902.125, -993.897, 33.61317, 0, 0, -0.313967, 0.9494339, update\x64\dlcpacks\mpheist\dlc.rpf\x64\levels\gta5\_citye\indust_02\indust_02_metadata.rpf\hei_id2_rd_strm_4.ymap
prop_fire_hydrant_2, 969.9698, -1003.546, 40.06918, 0.006571999, 0.019874, -0.3138979, 0.949226, update\x64\dlcpacks\mpheist\dlc.rpf\x64\levels\gta5\_citye\indust_02\indust_02_metadata.rpf\hei_id2_rd_strm_4.ymap
prop_fire_hydrant_2, 1004.855, -459.8753, 62.75232, 0, 0, 0.9499257, 0.3124759, update\x64\dlcpacks\mpheist\dlc.rpf\x64\levels\gta5\_citye\indust_02\indust_02_metadata.rpf\hei_id2_rdb_strm_0.ymap
prop_fire_hydrant_2, 947.3352, -498.5822, 59.41368, -0.03078101, 0.002609001, 0.9495732, 0.3120201, update\x64\dlcpacks\mpheist\dlc.rpf\x64\levels\gta5\_citye\indust_02\indust_02_metadata.rpf\hei_id2_rdb_strm_0.ymap
prop_fire_hydrant_2, 976.7004, -647.4855, 56.45329, 0, 0, 0.5268299, 0.8499708, update\x64\dlcpacks\mpheist\dlc.rpf\x64\levels\gta5\_citye\indust_02\indust_02_metadata.rpf\hei_id2_rdb_strm_0.ymap
prop_fire_hydrant_2, 1019.576, -582.0859, 58.00796, 0, 0, -0.6185239, 0.7857659, update\x64\dlcpacks\mpheist\dlc.rpf\x64\levels\gta5\_citye\indust_02\indust_02_metadata.rpf\hei_id2_rdb_strm_0.ymap
prop_fire_hydrant_2, 956.52, -579.205, 57.53257, 0, 0, 0.9735451, 0.228495, update\x64\dlcpacks\mpheist\dlc.rpf\x64\levels\gta5\_citye\indust_02\indust_02_metadata.rpf\hei_id2_rdb_strm_0.ymap
prop_fire_hydrant_2, 997.7615, -536.3727, 59.08993, 0, 0, 0.9735451, 0.228495, update\x64\dlcpacks\mpheist\dlc.rpf\x64\levels\gta5\_citye\indust_02\indust_02_metadata.rpf\hei_id2_rdb_strm_0.ymap
prop_fire_hydrant_2, 876.0686, -552.6472, 56.32873, 0, 0, 0.6332667, 0.7739336, update\x64\dlcpacks\mpheist\dlc.rpf\x64\levels\gta5\_citye\indust_02\indust_02_metadata.rpf\hei_id2_rdb_strm_0.ymap
prop_fire_hydrant_2, 1200.483, -509.2219, 64.07828, 0, 0, 0.130526, 0.9914449, update\x64\dlcpacks\mpheist\dlc.rpf\x64\levels\gta5\_citye\indust_02\indust_02_metadata.rpf\hei_id2_rdb_strm_1.ymap
prop_fire_hydrant_2, 1168.79, -490.6074, 64.44797, 0, 0, -0.6087614, 0.7933534, update\x64\dlcpacks\mpheist\dlc.rpf\x64\levels\gta5\_citye\indust_02\indust_02_metadata.rpf\hei_id2_rdb_strm_1.ymap
prop_fire_hydrant_2, 1184.27, -427.0316, 66.21692, 0, 0, -0.6087614, 0.7933534, update\x64\dlcpacks\mpheist\dlc.rpf\x64\levels\gta5\_citye\indust_02\indust_02_metadata.rpf\hei_id2_rdb_strm_1.ymap
prop_fire_hydrant_2, 1186.052, -374.0226, 67.88928, 0, 0, 0.9914449, -0.130526, update\x64\dlcpacks\mpheist\dlc.rpf\x64\levels\gta5\_citye\indust_02\indust_02_metadata.rpf\hei_id2_rdb_strm_1.ymap
prop_fire_hydrant_2, 1230.935, -371.2471, 68.03226, 0, 0, 0.258819, 0.9659258, update\x64\dlcpacks\mpheist\dlc.rpf\x64\levels\gta5\_citye\indust_02\indust_02_metadata.rpf\hei_id2_rdb_strm_1.ymap
prop_fire_hydrant_2, 1216.073, -400.3622, 67.13177, 0, 0, 0.8191523, 0.5735762, update\x64\dlcpacks\mpheist\dlc.rpf\x64\levels\gta5\_citye\indust_02\indust_02_metadata.rpf\hei_id2_rdb_strm_1.ymap
prop_fire_hydrant_2, 1272.277, -420.9629, 68.0621, 0, 0, 0.8870107, -0.4617488, update\x64\dlcpacks\mpheist\dlc.rpf\x64\levels\gta5\_citye\indust_02\indust_02_metadata.rpf\hei_id2_rdb_strm_1.ymap
prop_fire_hydrant_2, 1277.5, -476.0016, 68.0621, 0, 0, -0.6087614, 0.7933534, update\x64\dlcpacks\mpheist\dlc.rpf\x64\levels\gta5\_citye\indust_02\indust_02_metadata.rpf\hei_id2_rdb_strm_1.ymap
prop_fire_hydrant_2, 1262.438, -517.7819, 68.0621, 0, 0, -0.6087614, 0.7933534, update\x64\dlcpacks\mpheist\dlc.rpf\x64\levels\gta5\_citye\indust_02\indust_02_metadata.rpf\hei_id2_rdb_strm_1.ymap
prop_fire_hydrant_2, 1077.055, -423.7416, 66.01534, -0.005654996, 0.01034899, -0.6171597, 0.7867495, update\x64\dlcpacks\mpheist\dlc.rpf\x64\levels\gta5\_citye\indust_02\indust_02_metadata.rpf\hei_id2_rdb_strm_1.ymap
prop_fire_hydrant_2, 1083.773, -457.8754, 64.22716, 0, 0, -0.6087614, 0.7933534, update\x64\dlcpacks\mpheist\dlc.rpf\x64\levels\gta5\_citye\indust_02\indust_02_metadata.rpf\hei_id2_rdb_strm_1.ymap
prop_fire_hydrant_2, 1074.748, -504.4433, 61.75901, 0, 0, 0.7482682, 0.6633962, update\x64\dlcpacks\mpheist\dlc.rpf\x64\levels\gta5\_citye\indust_02\indust_02_metadata.rpf\hei_id2_rdb_strm_1.ymap
prop_fire_hydrant_2, 1068.283, -465.7858, 63.71632, 0, 0, 0.7580383, 0.6522102, update\x64\dlcpacks\mpheist\dlc.rpf\x64\levels\gta5\_citye\indust_02\indust_02_metadata.rpf\hei_id2_rdb_strm_1.ymap
prop_fire_hydrant_2, 1185.775, -532.9993, 63.7937, 0, 0, -0.6087614, 0.7933534, update\x64\dlcpacks\mpheist\dlc.rpf\x64\levels\gta5\_citye\indust_02\indust_02_metadata.rpf\hei_id2_rdb_strm_2.ymap
prop_fire_hydrant_2, 1188.704, -605.1033, 62.85157, 0, 0, 0.6427881, 0.7660441, update\x64\dlcpacks\mpheist\dlc.rpf\x64\levels\gta5\_citye\indust_02\indust_02_metadata.rpf\hei_id2_rdb_strm_2.ymap
prop_fire_hydrant_2, 1256.002, -573.3724, 68.026, 0, 0, -0.6087614, 0.7933534, update\x64\dlcpacks\mpheist\dlc.rpf\x64\levels\gta5\_citye\indust_02\indust_02_metadata.rpf\hei_id2_rdb_strm_2.ymap
prop_fire_hydrant_2, 1276.975, -631.2563, 67.72325, 0, 0, 0.8855186, -0.4646043, update\x64\dlcpacks\mpheist\dlc.rpf\x64\levels\gta5\_citye\indust_02\indust_02_metadata.rpf\hei_id2_rdb_strm_2.ymap
prop_fire_hydrant_2, 1274.053, -711.2696, 63.71563, 0, 0, -0.4546462, 0.8906722, update\x64\dlcpacks\mpheist\dlc.rpf\x64\levels\gta5\_citye\indust_02\indust_02_metadata.rpf\hei_id2_rdb_strm_2.ymap
prop_fire_hydrant_2, 1209.969, -718.024, 58.34735, 0, 0, 0.6427881, 0.7660441, update\x64\dlcpacks\mpheist\dlc.rpf\x64\levels\gta5\_citye\indust_02\indust_02_metadata.rpf\hei_id2_rdb_strm_2.ymap
prop_fire_hydrant_2, 778.2593, -3184.396, 5.03273, 0, 0, 0, 1, update\update.rpf\dlc_patch\mpheist\x64\levels\gta5\_citye\port_01\port_metadata.rpf\hei_po1_06_strm_0.ymap
prop_fire_hydrant_2, 868.6367, -3204.491, 4.971878, 0, 0, 0, 1, update\update.rpf\dlc_patch\mpheist\x64\levels\gta5\_citye\port_01\port_metadata.rpf\hei_po1_06_strm_0.ymap
prop_fire_hydrant_2, 824.0065, -2946.987, 5.014343, 0, 0, 1, 0, update\update.rpf\dlc_patch\mpheist\x64\levels\gta5\_citye\port_01\port_metadata.rpf\hei_po1_06_strm_3.ymap
prop_fire_hydrant_2, -1696.895, -1049.545, 11.98223, 0, 0, 0, 1, update\update.rpf\dlc_patch\mpheist\x64\levels\gta5\_cityw\santamon_01\santamon_metadata.rpf\hei_sm_22_strm_1.ymap
prop_fire_hydrant_2, 2560.393, 347.7226, 107.6181, 0, 0, -0.3520471, 0.9359823, update\update.rpf\dlc_patch\mpheist\x64\levels\gta5\_hills\cityhills_03\cityhills_03_metadata.rpf\hei_ch3_03_strm_1.ymap
prop_fire_hydrant_2, 1222.044, -293.1514, 68.11421, 0, 0, 0, 1, update\update.rpf\dlc_patch\mpheist\x64\levels\gta5\_hills\cityhills_03\cityhills_03_metadata.rpf\hei_ch3_06_strm_1.ymap
